manual,,,no home channel,,1,2025-02-25 11:05:32
anubistxt,2118895620,6835317004162689968,ANUBIS TXT | url:log:pass,,-1,2025-02-25 11:05:32
dbx_cloudinformation,2137693188,-1325873034959185647,URL:LOGIN:PASS | TxT,https://t.me/+3t129NBQh9AzZDI8,1,2025-04-02 12:48:10
infernourl,2060662228,8179349316916746289,Inferno Cloud [TXT],https://t.me/+DrdAmGeeIFlkZWU6,1,2025-04-02 12:48:11
textbases,1830108283,8551704373030886339,textbases (url:log:pass),https://t.me/+kB8-KwFmfaQzZmUx,1,2025-04-02 12:48:11
txtloggg,2364617617,9145081825394161224,TXTLOG URL:LOGIN:PASS,https://t.me/txtloggg,0,2025-02-25 11:05:32
publicservercloud,2096009537,3828442981348243325,PUBLIC SERVER CLOUD LOGS | @hakaiset,,0,2025-02-25 11:05:32
txzeg,2399362820,-2166467441582936503,txzeg (url:login:pass),https://t.me/txzeg,0,2025-04-01 14:25:02
sykingdom,1382061287,8623053033491131586,SYKINGDOM?,,1,2025-04-02 12:48:11
basecloud,1720213898,-6467084997167170137,☁️Base cloud (url:login:pass),,1,2025-04-02 12:48:11
outcloudmail,1641044926,9035668194936730318,Out Cloud [ Official ],https://t.me/outcloudmail,-1,2025-02-25 11:05:32
txtlogcloudd,2149777415,-8799461477201513662,TXTLOG url:login:pass CLOUD BASE,https://t.me/txtlogcloudd,0,2025-02-25 11:05:32
nitrologs,2202756046,-3764815690715221295,NITRO LOGS | URL:LOG:PASS,https://t.me/+TIa65v7EeGE1Y2Nk,1,2025-04-02 12:48:11
leaskedcloud,2161654095,7696450174001498405,LEASKEDCLOUD - URL:LOGIN:PASS,,0,2025-02-25 11:05:32
base34,1696596066,-1232617365016124777,base 34 | url:log:pass,https://t.me/+wMk6jUGE4aIwYjIy,1,2025-04-02 12:48:12
plutonium,2107853176,-5932412130909061822,Plutonium {url:log:pass},https://t.me/+g1BuEhMfQRo5YjY8,1,2025-04-02 12:48:12
raidforums,1663316710,-2844653239935742445,terminal,,1,2025-04-02 12:48:12
lunacloudvip,2399340248,-2651632510182246307,LUNA CLOUD LINK:LOGIN:PASS,https://t.me/lunacloudvip,1,2025-04-02 12:48:12
solv3rurl,1846909833,2090914641641396687,Solv3r-URL,,1,2025-04-02 12:48:12
statecloud,2050288864,7683854955031913314,State Cloud [URL:LOG:PASS],https://t.me/+Yokpp0GIMQlhY2Fi,1,2025-04-02 12:48:12
cloudxurl,2454730764,-2633408739325217761,Cloudx URL/log:pass,https://t.me/cloudxurl,1,2025-04-02 12:48:13
cloudsbase,1964682906,6212774392415460043,CLOUDS BASE LINK (url:log:pass),https://t.me/cloudsbase,1,2025-04-02 12:48:13
cloudsbaseulp,1838824990,241905267197464661,CLOUDS BASE url:log:pass,,1,2025-04-02 12:48:13
dailytxtlog,2297672889,-6947601124566352469,Daily | URL:LOGIN:PASS,https://t.me/dailytxtlog,1,2025-04-02 12:48:13
urllogpas,1988659913,-3382313895193942417,TXT Cloud | url:log:pass,https://t.me/urllogpas,-1,2025-02-25 11:05:32
snatch_cloud,2480192604,8194235626166231556,Snatch,https://t.me/snatch_cloud,1,2025-04-02 12:48:13
observercloud,1828534036,4767558152449156663,? OBSERVER CLOUD - BEST FREE LOGS CLOUD,https://t.me/+xJiCBIhbIOk5MWM6,-2,2025-02-25 11:05:32
herocloud,2497645637,-2888664247634125053,Hero Cloud | URL LOGIN PASS,,1,2025-04-02 12:48:13
0xlogs,2319938908,5033866822821702333,0x LOGS |url:log:pass,,1,2025-04-02 12:48:13
texterlogs,2158003780,-7431530427783521517,TEXTERLOGS | URL:LOG:PASS,,1,2025-04-02 12:48:13
leyorcloudvouch,2395953630,-7952756028201682615,LEYOR TXT LOG CLOUD URL:LOGIN:PASS,https://t.me/leyorcloudvouch,1,2025-04-02 12:48:13
boxedpw,1935880746,6695656027528943798,.boxed.pw,https://t.me/+F5lT4yTeIXwxNDc0,-2,2025-02-25 11:05:32
trippy_logs,1851915823,4821306748934011116,TrippyLogs,https://t.me/trippy_logs,-2,2025-02-25 11:05:32
pegasus_cloud,1947451780,-1521393221413858545,Pegasus Cloud,https://t.me/+jtX1fzyoETA4Mjgy,-2,2025-02-25 11:05:32
new_wlfr_cloud,2422539982,-4161072457190332999,NEW WLFR CLOUD,https://t.me/+CdbqPkyy5vIwNDA6,-2,2025-02-25 11:05:32
pixel_cloud,1761030528,6085008426731981481,Pixel Cloud | Channel,https://t.me/+iuO75Zg4HhRlNjJh,-2,2025-02-25 11:05:32
OLDCloudFree,1807405283,-7084558219603459736,FREE - OLD CLOUD,https://t.me/OLDCloudFree,-2,2025-02-25 11:05:32
lime_cloud,2332908203,5708030832746363206,Lime Cloud,https://t.me/+ee6lJTHyDEYyN2Qy,-2,2025-02-25 11:05:32
logs_alien,2139323239,3302436793030390878,LOGS ALIEN,https://t.me/+tKG5ofMOhko1Zjlk,-2,2025-02-25 11:05:32
manticore_cloud,2077972111,-4495425363793497761,Manticore Cloud,https://t.me/+AUohnS8q8yw0OWJi\n,-2,2025-02-25 11:05:32
wavecloud_free,1650143472,-4485415045916712708,Wave Cloud - Free,https://t.me/wavecloud_free,-2,2025-02-25 11:05:32
SpiderLogs,1352513762,-4401366652637015929,SpiderCloud Free,https://t.me/SpiderLogs,-2,2025-02-25 11:05:32
sega_cloud,1899655846,4289354667810873355,SEGA Cloud,https://t.me/+zp_-c0eAHjVkNzFi\n,1,2025-04-02 12:48:13
blum_ulp,2226559436,561371211593324971,Blum ULP LEAKED,https://t.me/+pTZSTQksjc44MTM8,1,2025-04-02 12:48:13
base_txt_url,2436718923,3137914821989888630,BASE TXT URL,https://t.me/+jKWvUyrSnfY4Nzhi,1,2025-04-02 12:48:14
sigmcloud,1680654728,4198751534560458881,SIGMA CLOUD,https://t.me/sigmcloud,-2,2025-02-25 11:05:32
Pistol_Cloud,2094035326,-4625194384393964726,Pistol Cloud,https://t.me/Pistol_Cloud,-2,2025-02-25 11:05:32
darkstarfree,1807811228,4468587849062516214,DarkStar / Free Cloud,https://t.me/darkstarfree,-2,2025-02-25 11:05:32
cheatbreakercloud,1630522920,-7175172287857276712,CheatBreaker Cloud,https://t.me/cheatbreakercloud,1,2025-04-02 12:48:14
WhiteCIoudFree,1906724676,3402168597347384651,WhiteCloud [Free],https://t.me/WhiteCIoudFree,-2,2025-02-25 11:05:32
MikaLogsfree,1642201112,-4119039553465950314,Free logs Mika,https://t.me/MikaLogsfree,1,2025-04-02 12:48:14
Redlogs_vip,1860622680,309570962290131406,?VIP REDLINE❗️LOGS VIP?,https://t.me/Redlogs_vip,-2,2025-02-25 11:05:32
Qlogs,1721697150,7238925259403473307,Q-Logs,https://t.me/Qlogs,-2,2025-02-25 11:05:32
inferno_cloud,2058134323,-5276121285595426500,Inferno Cloud,https://t.me/+WtHweDFyKL4xZTgy,-2,2025-02-25 11:05:32
cookiecloudfree,1904432929,-4974525507776516077,?????? ???? ?????,https://t.me/cookiecloudfree,1,2025-04-02 12:48:14
scorpion_cloud,2109728403,-7662878098105338796,Scorpion Cloud?,https://t.me/+d2K_5DV5HOc4M2Iy,1,2025-04-02 12:48:14
Eyes_Cloud,2141127683,1205460903080913852,EyesCloud,https://t.me/Eyes_Cloud,-2,2025-02-25 11:05:32
sql_hqcombo,1901683070,4081309575810420638,HQ COMBO ACCOUNT,https://t.me/sql_hqcombo,1,2025-04-02 12:48:14
WhiteCloudFreeLogs,1871770719,9054202504883831049,White Cloud,https://t.me/WhiteCloudFreeLogs,-2,2025-02-25 11:05:32
prdscloud,1080612406,5290535777167611417,Paradise Cloud,https://t.me/prdscloud,-2,2025-02-25 11:05:32
Usmancloud,1536095613,-4277080116005699614,Usman cloud,https://t.me/Usmancloud,-2,2025-02-25 11:05:32
trident_cloud,1939548708,628460203010969287,Trident Cloud,https://t.me/+_Jbgy_wYB6BkNTUy,-2,2025-02-25 11:05:32
SatanFireLogs,1852750906,2642668529888600397,SatanLogs FIRE,https://t.me/SatanFireLogs,-2,2025-02-25 11:05:32
PremCloud,1529722533,6846839251470109806,Premium Cloud,https://t.me/PremCloud,-2,2025-02-25 11:05:32
MysteryCloudLogs,1521158218,6672882823580536213,MysteryCloudLogs,https://t.me/MysteryCloudLogs,-2,2025-02-25 11:05:32
PiratesLogs,1654814687,-8461013021790736261,Pirate cloud,https://t.me/PiratesLogs,-2,2025-02-25 11:05:32
ATM_LOGS,1424119915,-6828230985044284478,ATM LOGS,https://t.me/ATM_LOGS,-2,2025-02-25 11:05:32
allparserdata,2491411024,8896116594596551315,Evil Data Parser - ULP BASE / Combo,https://t.me/allparserdata,1,2025-04-02 12:48:15
alltxtlogs,2160491955,4226892988669466638,ALL TXTLOGS ULP,https://t.me/alltxtlogs,1,2025-04-02 12:48:15
cloudmoonlog,1585778611,563254806102093719,MoonCloud - INFO/LOGS,https://t.me/cloudmoonlog,1,2025-04-02 12:48:15
cookiesloginpass,2093080272,1680210025203484413,SHOWTIME,https://t.me/cookiesloginpass,-2,2025-02-25 11:05:32
CosmoLogs,1843900787,-2296101514363638254,Cosmo cloud,https://t.me/CosmoLogs,-2,2025-02-25 11:05:32
crypton_logs_otc,1978241946,-5174120497934928515,CryptonChat OTC,https://t.me/crypton_logs_otc,1,2025-04-02 12:48:15
fat_logss,2146932614,-4067252525783641868,MailPassKeeper ☁️,https://t.me/fat_logss,-9,2025-02-25 11:05:32
LogsByRedline,2428558501,8029816212319573203,Redline,https://t.me/LogsByRedline,-2,2025-02-25 11:05:32
MagicCloudLogs,1589243101,-7856105481526375955,Magic CLoud,https://t.me/MagicCloudLogs,-2,2025-02-25 11:05:32
MariaLogs,2090051162,7105443333822713398,Maria Cloud,https://t.me/MariaLogs,-2,2025-02-25 11:05:32
MaxusLogs,2021890957,-8019260126309845785,Maxus Cloud,https://t.me/MaxusLogs,-2,2025-02-25 11:05:32
MoonLogsCloud,2475140777,7268432397209578256,Moon logs,https://t.me/MoonLogsCloud,-2,2025-02-25 11:05:32
REDLINEFREELOGScloud,2477895227,1340069632656828494,REDLINEFREELOGS,https://t.me/REDLINEFREELOGScloud,-2,2025-02-25 11:05:32
SunLogsCloud,2132359263,-1137768425097812183,Sun cloud,https://t.me/SunLogsCloud,-2,2025-02-25 11:05:32
TaroCloudFreelogs,2225850474,5330007559189730557,Free Taro,https://t.me/TaroCloudFreelogs,-2,2025-02-25 11:05:32
urlogg,2268410592,1178684539940005391,urlogs,https://t.me/urlogg,1,2025-04-02 12:48:15
watercloud_notify,2377155062,-2507102605825111425,Yummy,https://t.me/watercloud_notify,-3,2025-02-25 11:05:32
watercloud,1981689488,-7490177677584270491,☁️ WATER CLOUD,,1,2025-04-02 12:48:15
RedLineLogsDB,1806258167,587026877771544008,Dragon cloud,https://t.me/RedLineLogsDB,-2,2025-02-25 11:05:32
kurina_cloud,2486873323,6189480060782663908,Kurina Log Cloud,,1,2025-04-02 12:48:16
DertexBase,2030354358,-5097959926423436504,Dertex | FREE LOGS,https://t.me/DertexBase,1,2025-04-02 12:48:16
freelogssliv,1730370564,-8245709473618218621,freelogssliv,https://t.me/freelogssliv,-1,2025-02-25 11:05:32
smoker_cloud,1856770621,-5102706415075049886,Smoker Cloud | Free Logs,,-2,2025-02-25 11:05:32
harmony_cloud,1824424191,3669300914073515638,Harmony Cloud | Free Logs,https://t.me/+FnHchisk1aU0ODVi,-2,2025-02-25 11:05:32
zelenka_cloud,1753901927,-1689970350834808455,Zelenka Cloud | Free Logs,,1,2025-04-02 12:48:16
mirage_cloud,1459663127,-9105733528809722988,Mirage Cloud,https://t.me/+J_z75LLj534wZDhi,-2,2025-02-25 11:05:32
deamoncloud,1920451223,-4396073463499290582,? Deamon Cloud ? | FREE LOGS ?,https://t.me/deamoncloud,-2,2025-02-25 11:05:32
catscombolists,2184538388,-7740487047574388379,[Cat's Combolists],https://t.me/catscombolists,1,2025-04-02 12:48:16
KonaiBase,2163590058,-7011860694923813158,Konai Base,https://t.me/KonaiBase,-2,2025-02-25 11:05:32
ConfigsCombos,1754695324,-2300734426813618899,HQ COMBO LIST | CRACKERS | #SilverBullet,https://t.me/ConfigsCombos,1,2025-04-02 12:48:16
uniquecombotop,1891178165,6423472352684870926,Unique-combo.top Group,https://t.me/uniquecombotop,1,2025-04-02 12:48:16
MiRaclBase,1932313407,5600202330775693330,MiRaCle Base,https://t.me/MiRaclBase,-2,2025-02-25 11:05:32
BULLCRACK,1436158061,-971202580132341838,? HACKING GROUP ?,https://t.me/BULLCRACK,1,2025-04-02 12:48:16
teamdemon,1452894273,3431217874482073010,TeamDemon | Cracking | Cracked | Free Account| Openbullet | silverbullet | combolist | Leaked |,https://t.me/+oZ5TX7STvh4wNzhk,-2,2025-02-25 11:05:32
TihenzyCloud,1520997194,2228642495911796521,Tihenzy Cloud,https://t.me/TihenzyCloud,-2,2025-02-25 11:05:32
UsaComboListHQ,2488723152,9032373136113006073,Combo list USA email : pass,https://t.me/UsaComboListHQ,-2,2025-02-25 11:05:32
indobase,2011345797,-6032436192927583847,Cult Of Malware,https://t.me/indobase,1,2025-04-02 12:48:16
AstraCracking,1941031223,4370866777223343391,Anonymous - Configs & Combos,https://t.me/AstraCracking,1,2025-04-02 12:48:17
combo_cloud,1691747216,-1532247828417253458,SILVER BULLET CONFIGS,https://t.me/combo_cloud,1,2025-04-02 12:48:17
cloud_ulp,2134946990,-4378569976916352880,Cloud ulp combo config,,1,2025-04-02 12:48:17
lowxcloud,2163596533,2208038395802060936,LowX Combo Cloud,https://t.me/lowxcloud,-2,2025-02-25 11:05:32
gabujacloud,2114053029,8753236363415602260,Gabuja Cloud,https://t.me/gabujacloud,1,2025-04-02 12:48:17
violentcloudontop,2478543698,-215413463948252366,violent cloud,https://t.me/violentcloudontop,1,2025-04-02 12:48:17
Finallycloud,1644227744,-4742392185601041556,Finally cloud,https://t.me/Finallycloud,1,2025-04-02 12:48:17
taip_url_log_pass,2093515355,2438643012367446327,Taip url:log:pass cloud,https://t.me/taip_url_log_pass,1,2025-04-02 12:48:17
valid_cloud,2224210512,-135659501434793201,Mula Cloud | Email Pass [Mail access combo],https://t.me/valid_cloud,1,2025-04-02 12:48:17
txtlogsaccess,2378032111,-6673537858422605108,Url:log:pass cloud,https://t.me/txtlogsaccess,1,2025-04-02 12:48:18
cloudpass,2155534463,-4540796478344166333,URL:LOGIN:PASS - FREE LOGS,https://t.me/cloudpass,1,2025-04-02 12:48:18
vulcantxt,2372840623,-7626724650379015071,VulcanTXT - URL:LOG:PASS,https://t.me/vulcantxt,-2,2025-02-25 11:05:32
azul_cloud,1867376505,-3175329527162385640,AZUL CLOUD,,1,2025-04-02 12:48:18
chatbases_brute,1615635922,4139997605105416987,Чат/Chat bases_brute,https://t.me/chatbases_brute,-2,2025-02-25 11:05:32
xml_cloud,2412261905,-2614418444843469827,XML CLOUD & BASES MAIN,,1,2025-04-02 12:48:18
zlivve_cloud,2078998661,-5605214536257129845,?????,https://t.me/+U6if7Doffdg0ZWE0,-2,2025-02-25 11:05:32
mretheres2,2122779935,-5065593061579440655,MrEtheres2 Channel,,1,2025-04-02 12:48:18
FreeCombolistGG,1906834282,7977924509320023886,Combolist Free,https://t.me/FreeCombolistGG,1,2025-04-02 12:48:41
WebshellCpanelSmtpRdp,1174100362,5444023152471150049,Webshell / Cpanel / Smtp / Rdp,https://t.me/WebshellCpanelSmtpRdp,1,2025-04-02 12:58:03
